stock;stock_desc;revenue;std
FSBW;FS Bancorp, Inc.;120;4.0
SBFG;SB Financial Group, Inc.;90;4.0
CTAS;Cintas Corporation;80;4.0
JKHY;Jack Henry & Associates, Inc.;80;4.0
SLCT;Select Bancorp, Inc.;80;4.0
ADBE;Adobe Systems Incorporated;120;5.0
BLKB;Blackbaud, Inc.;100;5.0
FDBC;Fidelity D & D Bancorp, Inc.;100;5.0
LFUS;Littelfuse, Inc.;100;5.0
SBBX;SB One Bancorp;100;5.0
FSFG;First Savings Financial Group, Inc.;90;5.0
ISRG;Intuitive Surgical, Inc.;90;5.0
QCRH;QCR Holdings, Inc.;90;5.0
TRCB;Two River Bancorp;90;5.0
TRNS;Transcat, Inc.;90;5.0
CWAY;Coastway Bancorp, Inc.;80;5.0
EFSC;Enterprise Financial Services Corporation;80;5.0
ESXB;Community Bankers Trust Corporation.;80;5.0
FCCO;First Community Corporation;80;5.0
FFWM;First Foundation Inc.;80;5.0
FMBH;First Mid-Illinois Bancshares, Inc.;80;5.0
IART;Integra LifeSciences Holdings Corporation;80;5.0
POOL;Pool Corporation;80;5.0
TXN;Texas Instruments Incorporated;80;5.0
UCBA;United Community Bancorp;80;5.0
ICUI;ICU Medical, Inc.;130;6.0
CHDN;Churchill Downs, Incorporated;120;6.0
TSBK;Timberland Bancorp, Inc.;120;6.0
CPRT;Copart, Inc.;110;6.0
MPWR;Monolithic Power Systems, Inc.;110;6.0
SSFN;Stewardship Financial Corp;110;6.0
CDNS;Cadence Design Systems, Inc.;100;6.0
CSGP;CoStar Group, Inc.;100;6.0
FSV;FirstService Corporation;100;6.0
HIFS;Hingham Institution for Savings;100;6.0
PKBK;Parke Bancorp, Inc.;100;6.0
UNTY;Unity Bancorp, Inc.;100;6.0
CONE;CyrusOne Inc;90;6.0
FBMS;The First Bancshares, Inc.;90;6.0
GENC;Gencor Industries Inc.;90;6.0
KEQU;Kewaunee Scientific Corporation;90;6.0
PYPL;PayPal Holdings, Inc.;90;6.0
SFST;Southern First Bancshares, Inc.;90;6.0
CIVBP;Civista Bancshares, Inc. ;80;6.0
CSFL;CenterState Bank Corporation;80;6.0
EGBN;Eagle Bancorp, Inc.;80;6.0
EQFN;Equitable Financial Corp.;80;6.0
FB;Facebook, Inc.;80;6.0
FCCY;1st Constitution Bancorp (NJ);80;6.0
FRBA;First Bank;80;6.0
HBCP;Home Bancorp, Inc.;80;6.0
INTU;Intuit Inc.;80;6.0
MCHP;Microchip Technology Incorporated;80;6.0
NCOM;National Commerce Corporation;80;6.0
NWFL;Norwood Financial Corp.;80;6.0
OVBC;Ohio Valley Banc Corp.;80;6.0
RBNC;Reliant Bancorp, Inc.;80;6.0
SIGI;Selective Insurance Group, Inc.;80;6.0
UTMD;Utah Medical Products, Inc.;80;6.0
VRSN;VeriSign, Inc.;80;6.0
AMZN;Amazon.com, Inc.;180;7.0
NOVT;Novanta Inc.;150;7.0
ATVI;Activision Blizzard, Inc;140;7.0
FMAO;Farmers & Merchants Bancorp, Inc.;130;7.0
EA;Electronic Arts Inc.;120;7.0
IDXX;IDEXX Laboratories, Inc.;120;7.0
CARO;Carolina Financial Corporation;110;7.0
AVGO;Broadcom Inc.;100;7.0
AZPN;Aspen Technology, Inc.;100;7.0
ENTG;Entegris, Inc.;100;7.0
FOXF;Fox Factory Holding Corp.;100;7.0
MKTX;MarketAxess Holdings, Inc.;100;7.0
OSBC;Old Second Bancorp, Inc.;100;7.0
PTC;PTC Inc.;100;7.0
CCMP;Cabot Microelectronics Corporation;90;7.0
MBTF;M B T Financial Corp;90;7.0
RP;RealPage, Inc.;90;7.0
ABCB;Ameris Bancorp;80;7.0
FUNC;First United Corporation;80;7.0
ICLR;ICON plc;80;7.0
MCRI;Monarch Casino & Resort, Inc.;80;7.0
MSFT;Microsoft Corporation;80;7.0
QADB;QAD Inc.;80;7.0
TOWN;Towne Bank;80;7.0
TSC;TriState Capital Holdings, Inc.;80;7.0
WEN;"Wendy&#39;s Company (The)";80;7.0
CWST;Casella Waste Systems, Inc.;180;8.0
TTWO;Take-Two Interactive Software, Inc.;150;8.0
MASI;Masimo Corporation;130;8.0
PRAH;PRA Health Sciences, Inc.;130;8.0
KNSL;Kinsale Capital Group, Inc.;120;8.0
LOGI;Logitech International S.A.;120;8.0
PRPH;ProPhase Labs, Inc.;120;8.0
TBK;Triumph Bancorp, Inc.;120;8.0
CFBK;Central Federal Corporation;110;8.0
LOPE;Grand Canyon Education, Inc.;110;8.0
IAC;IAC/InterActiveCorp;100;8.0
IPGP;IPG Photonics Corporation;100;8.0
MKSI;MKS Instruments, Inc.;100;8.0
PLUS;ePlus inc.;100;8.0
TLND;Talend S.A.;100;8.0
FANG;Diamondback Energy, Inc.;90;8.0
HLNE;Hamilton Lane Incorporated;90;8.0
LRCX;Lam Research Corporation;90;8.0
NEOG;Neogen Corporation;90;8.0
NVMI;Nova Measuring Instruments Ltd.;90;8.0
AEIS;Advanced Energy Industries, Inc.;80;8.0
COLM;Columbia Sportswear Company;80;8.0
ETFC;E*TRADE Financial Corporation;80;8.0
FTNT;Fortinet, Inc.;80;8.0
INBK;First Internet Bancorp;80;8.0
IPAR;Inter Parfums, Inc.;80;8.0
KINS;Kingstone Companies, Inc;80;8.0
MGRC;McGrath RentCorp;80;8.0
MSEX;Middlesex Water Company;80;8.0
PFPT;Proofpoint, Inc.;80;8.0
PRSC;The Providence Service Corporation;80;8.0
ROLL;RBC Bearings Incorporated;80;8.0
ALGN;Align Technology, Inc.;190;9.0
RMR;The RMR Group Inc.;180;9.0
APPF;AppFolio, Inc.;170;9.0
ORBK;Orbotech Ltd.;150;9.0
PLBC;Plumas Bancorp;140;9.0
EVBG;Everbridge, Inc.;130;9.0
GAIA;Gaia, Inc.;130;9.0
MTCH;Match Group, Inc.;130;9.0
IIVI;II-VI Incorporated;120;9.0
LGND;Ligand Pharmaceuticals Incorporated;120;9.0
LHCG;LHC Group;120;9.0
ITI;Iteris, Inc.;110;9.0
OLLI;"Ollie&#39;s Bargain Outlet Holdings, Inc.";110;9.0
PCYO;Pure Cycle Corporation;110;9.0
TTGT;TechTarget, Inc.;110;9.0
BLBD;Blue Bird Corporation;100;9.0
ITIC;Investors Title Company;100;9.0
MMSI;Merit Medical Systems, Inc.;100;9.0
PEGA;Pegasystems Inc.;100;9.0
PENN;Penn National Gaming, Inc.;100;9.0
SFBS;ServisFirst Bancshares, Inc.;100;9.0
CVGW;Calavo Growers, Inc.;90;9.0
NEO;NeoGenomics, Inc.;90;9.0
SMTX;SMTC Corporation;90;9.0
STRS;Stratus Properties Inc.;90;9.0
CEVA;CEVA, Inc.;80;9.0
CGNX;Cognex Corporation;80;9.0
FVC;First Trust Dorsey Wright Dynamic Focus 5 ETF;80;9.0
MLNX;Mellanox Technologies, Ltd.;80;9.0
RDCM;Radcom Ltd.;80;9.0
SFLY;Shutterfly, Inc.;80;9.0
UFPI;Universal Forest Products, Inc.;80;9.0
INGN;Inogen, Inc;180;10.0
LMAT;LeMaitre Vascular, Inc.;180;10.0
PRMW;Primo Water Corporation;160;10.0
CENT;Central Garden & Pet Company;150;10.0
GDEN;Golden Entertainment, Inc.;150;10.0
NSSC;NAPCO Security Technologies, Inc.;150;10.0
CENTA;Central Garden & Pet Company;140;10.0
CASH;Meta Financial Group, Inc.;130;10.0
RICK;RCI Hospitality Holdings, Inc.;130;10.0
FLL;Full House Resorts, Inc.;120;10.0
IRTC;iRhythm Technologies, Inc.;120;10.0
JOUT;Johnson Outdoors Inc.;120;10.0
MRCY;Mercury Systems Inc;120;10.0
UBNT;Ubiquiti Networks, Inc.;120;10.0
AMED;Amedisys Inc;110;10.0
ATSG;Air Transport Services Group, Inc;110;10.0
JOBS;51job, Inc.;110;10.0
PATK;Patrick Industries, Inc.;110;10.0
PDEX;Pro-Dex, Inc.;110;10.0
SKYW;SkyWest, Inc.;110;10.0
SLP;Simulations Plus, Inc.;110;10.0
CVCO;Cavco Industries, Inc.;100;10.0
MBUU;Malibu Boats, Inc.;100;10.0
MLAB;Mesa Laboratories, Inc.;100;10.0
SHEN;Shenandoah Telecommunications Co;100;10.0
EGHT;8x8 Inc;90;10.0
FIVE;Five Below, Inc.;90;10.0
MELI;MercadoLibre, Inc.;90;10.0
NTAP;NetApp, Inc.;90;10.0
ON;ON Semiconductor Corporation;90;10.0
QDEL;Quidel Corporation;90;10.0
VRNS;Varonis Systems, Inc.;90;10.0
Z;Zillow Group, Inc.;90;10.0
ZG;Zillow Group, Inc.;90;10.0
ADSK;Autodesk, Inc.;80;10.0
CIGI;Colliers International Group Inc. ;80;10.0
SIVB;SVB Financial Group;80;10.0
TSLA;Tesla, Inc. ;80;10.0
USCR;U S Concrete, Inc.;80;10.0
ZBRA;Zebra Technologies Corporation;80;10.0
ABMD;ABIOMED, Inc.;240;11.0
ERI;Eldorado Resorts, Inc.;240;11.0
MGPI;MGP Ingredients, Inc.;220;11.0
FIZZ;National Beverage Corp.;210;11.0
HSKA;Heska Corporation;180;11.0
TRUP;Trupanion, Inc.;180;11.0
BBSI;Barrett Business Services, Inc.;160;11.0
EBIX;Ebix, Inc.;150;11.0
ULBI;Ultralife Corporation;140;11.0
CEMI;Chembio Diagnostics, Inc.;130;11.0
NTES;NetEase, Inc.;130;11.0
TQQQ;ProShares UltraPro QQQ;130;11.0
COHR;Coherent, Inc.;120;11.0
CUTR;Cutera, Inc.;120;11.0
GVP;GSE Systems, Inc.;120;11.0
PCTY;Paylocity Holding Corporation;120;11.0
AVAV;AeroVironment, Inc.;110;11.0
BRKS;Brooks Automation, Inc.;110;11.0
CARB;Carbonite, Inc.;110;11.0
RCM;R1 RCM Inc.;110;11.0
RILY;B. Riley Financial, Inc.;110;11.0
ROCK;Gibraltar Industries, Inc.;110;11.0
ALRM;Alarm.com Holdings, Inc.;100;11.0
PETS;PetMed Express, Inc.;100;11.0
RGEN;Repligen Corporation;100;11.0
INTL;INTL FCStone Inc.;90;11.0
IRBT;iRobot Corporation;90;11.0
PLCE;"Children&#39;s Place, Inc. (The)";90;11.0
AMWD;American Woodmark Corporation;80;11.0
COHU;Cohu, Inc.;80;11.0
TACT;TransAct Technologies Incorporated;80;11.0
AXGN;AxoGen, Inc.;290;12.0
NVDA;NVIDIA Corporation;270;12.0
NFLX;Netflix, Inc.;220;12.0
HTHT;Huazhu Group Limited;200;12.0
WIX;Wix.com Ltd.;180;12.0
ASND;Ascendis Pharma A/S;170;12.0
SODA;SodaStream International Ltd.;170;12.0
OTEL;Otelco Inc.;160;12.0
MIME;Mimecast Limited;150;12.0
VICR;Vicor Corporation;150;12.0
HQY;HealthEquity, Inc.;140;12.0
WIFI;Boingo Wireless, Inc.;140;12.0
NTIC;Northern Technologies International Corporation;130;12.0
TEAM;Atlassian Corporation Plc;130;12.0
AMOT;Allied Motion Technologies, Inc.;100;12.0
CTRL;Control4 Corporation;100;12.0
PODD;Insulet Corporation;100;12.0
TTMI;TTM Technologies, Inc.;100;12.0
ADUS;Addus HomeCare Corporation;90;12.0
OFLX;Omega Flex, Inc.;90;12.0
RDNT;RadNet, Inc.;90;12.0
CTRP;Ctrip.com International, Ltd.;80;12.0
FRBK;Republic First Bancorp, Inc.;80;12.0
PLPC;Preformed Line Products Company;80;12.0
SYNH;Syneos Health, Inc.;80;12.0
FIVN;Five9, Inc.;220;13.0
TWOU;2U, Inc.;200;13.0
STMP;Stamps.com Inc.;190;13.0
SUPN;Supernus Pharmaceuticals, Inc.;190;13.0
TCMD;Tactile Systems Technology, Inc.;180;13.0
BEAT;BioTelemetry, Inc.;170;13.0
NVEE;NV5 Global, Inc.;160;13.0
LGIH;LGI Homes, Inc.;150;13.0
NBIX;Neurocrine Biosciences, Inc.;150;13.0
UPLD;Upland Software, Inc.;140;13.0
HOFT;Hooker Furniture Corporation;120;13.0
ASUR;Asure Software Inc;110;13.0
SPAR;Spartan Motors, Inc.;110;13.0
TPIC;TPI Composites, Inc.;110;13.0
BOLD;Audentes Therapeutics, Inc.;100;13.0
BOFI;BofI Holding, Inc.;100;13.0
NANO;Nanometrics Incorporated;100;13.0
CSPI;CSP Inc.;90;13.0
GGAL;Grupo Financiero Galicia S.A.;90;13.0
OKTA;Okta, Inc.;90;13.0
RCKY;Rocky Brands, Inc.;90;13.0
TUSK;Mammoth Energy Services, Inc.;90;13.0
UTSI;UTStarcom Holdings Corp;90;13.0
XENT;Intersect ENT, Inc.;90;13.0
BNFT;Benefitfocus, Inc.;80;13.0
COUP;Coupa Software Incorporated;80;13.0
FORM;FormFactor, Inc.;80;13.0
ISNS;Image Sensing Systems, Inc.;80;13.0
YNDX;Yandex N.V.;80;13.0
USAT;USA Technologies, Inc.;250;14.0
BLFS;BioLife Solutions, Inc.;240;14.0
ABCD;Cambium Learning Group, Inc.;230;14.0
CDXS;Codexis, Inc.;210;14.0
MZOR;Mazor Robotics Ltd.;170;14.0
TCX;Tucows Inc.;160;14.0
BGNE;BeiGene, Ltd.;150;14.0
AAXN;Axon Enterprise, Inc.;140;14.0
ASPU;Aspen Group Inc.;140;14.0
MITK;Mitek Systems, Inc.;140;14.0
ESIO;Electro Scientific Industries, Inc.;130;14.0
BBGI;Beasley Broadcast Group, Inc.;120;14.0
CYRN;CYREN Ltd.;120;14.0
FONR;Fonar Corporation;120;14.0
RFIL;RF Industries, Ltd.;120;14.0
AXTI;AXT Inc;110;14.0
ENTA;Enanta Pharmaceuticals, Inc.;110;14.0
ICHR;Ichor Holdings;110;14.0
LUNA;Luna Innovations Incorporated;110;14.0
OPRX;OptimizeRx Corporation;110;14.0
TVTY;Tivity Health, Inc.;110;14.0
CECO;Career Education Corporation;100;14.0
IMMR;Immersion Corporation;100;14.0
DXCM;DexCom, Inc.;90;14.0
FRPT;Freshpet, Inc.;90;14.0
MMYT;MakeMyTrip Limited;90;14.0
MNTA;Momenta Pharmaceuticals, Inc.;90;14.0
CYBR;CyberArk Software Ltd.;80;14.0
HCM;Hutchison China MediTech Limited;80;14.0
PAAS;Pan American Silver Corp.;80;14.0
CRNT;Ceragon Networks Ltd.;200;15.0
EXPO;Exponent, Inc.;190;15.0
BMRA;Biomerica, Inc.;180;15.0
TREE;LendingTree, Inc.;180;15.0
FANH;Fanhua Inc.;170;15.0
OLED;Universal Display Corporation;140;15.0
SEDG;SolarEdge Technologies, Inc.;130;15.0
VTSI;VirTra, Inc.;130;15.0
BCOR;Blucora, Inc.;120;15.0
BNSO;Bonso Electronics International, Inc.;120;15.0
LITE;Lumentum Holdings Inc.;120;15.0
BREW;Craft Brew Alliance, Inc.;110;15.0
EXTR;Extreme Networks, Inc.;110;15.0
CAMT;Camtek Ltd.;100;15.0
KGJI;Kingold Jewelry Inc.;100;15.0
PNK;Pinnacle Entertainment, Inc.;100;15.0
EDAP;EDAP TMS S.A.;90;15.0
SHSP;SharpSpring, Inc.;90;15.0
IRMD;iRadimed Corporation;80;15.0
NAII;Natural Alternatives International, Inc.;80;15.0
IIN;IntriCon Corporation;260;16.0
AMD;Advanced Micro Devices, Inc.;200;16.0
WB;Weibo Corporation;200;16.0
OCLR;Oclaro, Inc.;190;16.0
KTOS;Kratos Defense & Security Solutions, Inc.;140;16.0
DMRC;Digimarc Corporation;130;16.0
AMRN;Amarin Corporation plc;120;16.0
FGEN;FibroGen, Inc;120;16.0
URGN;UroGen Pharma Ltd.;120;16.0
QNST;QuinStreet, Inc.;110;16.0
XNCR;Xencor, Inc.;110;16.0
TSRI;TSR, Inc.;100;16.0
DAIO;Data I/O Corporation;90;16.0
LTRX;Lantronix, Inc.;90;16.0
SSRM;SSR Mining Inc.;90;16.0
SPKE;Spark Energy, Inc.;80;16.0
UONEK;Urban One, Inc. ;80;16.0
CCRC;China Customer Relations Centers, Inc.;220;17.0
CORT;Corcept Therapeutics Incorporated;200;17.0
JSML;Janus Henderson Small Cap Growth Alpha ETF;180;17.0
TRHC;Tabula Rasa HealthCare, Inc.;180;17.0
GLPG;Galapagos NV;160;17.0
SPPI;Spectrum Pharmaceuticals, Inc.;160;17.0
BPMC;Blueprint Medicines Corporation;120;17.0
CDZI;Cadiz, Inc.;120;17.0
STRL;Sterling Construction Company Inc;120;17.0
ZAGG;ZAGG Inc;120;17.0
APPN;Appian Corporation;110;17.0
NEPT;Neptune Technologies & Bioresources Inc;100;17.0
ARTX;Arotech Corporation;90;17.0
KOSS;Koss Corporation;90;17.0
OBSV;ObsEva SA;90;17.0
PFIE;Profire Energy, Inc.;90;17.0
RTRX;Retrophin, Inc.;90;17.0
WLDN;Willdan Group, Inc.;90;17.0
CTSO;Cytosorbents Corporation;80;17.0
HALO;Halozyme Therapeutics, Inc.;80;17.0
OSTK;Overstock.com, Inc.;80;17.0
SGMS;Scientific Games Corp;190;18.0
STAA;STAAR Surgical Company;180;18.0
CYBE;CyberOptics Corporation;150;18.0
RETA;Reata Pharmaceuticals, Inc.;130;18.0
GLUU;Glu Mobile Inc.;120;18.0
QURE;uniQure N.V.;120;18.0
SSTI;ShotSpotter, Inc.;110;18.0
BLDR;Builders FirstSource, Inc.;100;18.0
BLDP;Ballard Power Systems, Inc.;100;18.0
ONCE;Spark Therapeutics, Inc.;100;18.0
ACRS;Aclaris Therapeutics, Inc.;90;18.0
PCMI;PCM, Inc.;90;18.0
TSRO;TESARO, Inc.;90;18.0
WRLD;World Acceptance Corporation;90;18.0
GCVRZ;Sanofi;80;18.0
BOOM;DMC Global Inc.;160;19.0
BKYI;BIO-key International, Inc.;150;19.0
WVE;WAVE Life Sciences Ltd.;150;19.0
VUZI;Vuzix Corporation;130;19.0
EVGBC;Eaton Vance NextShares Trust;100;19.0
EVLMC;Eaton Vance NextShares Trust II;100;19.0
EVSTC;Eaton Vance NextShares Trust;100;19.0
SGH;SMART Global Holdings, Inc.;90;19.0
CASM;CAS Medical Systems, Inc.;80;19.0
FLXN;Flexion Therapeutics, Inc.;80;19.0
FNJN;Finjan Holdings, Inc.;80;19.0
LOXO;Loxo Oncology, Inc.;330;20.0
EXEL;Exelixis, Inc.;290;20.0
EDUC;Educational Development Corporation;210;20.0
CWBR;CohBar, Inc.;150;20.0
EGAN;eGain Corporation;150;20.0
NHTC;Natural Health Trends Corp.;150;20.0
TIG;TiGenix;150;20.0
TTD;The Trade Desk, Inc.;140;20.0
GWPH;GW Pharmaceuticals Plc;130;20.0
CLWT;Euro Tech Holdings Company Limited;120;20.0
PME;Pingtan Marine Enterprise Ltd.;110;20.0
MEIP;MEI Pharma, Inc.;80;20.0
PGNX;Progenics Pharmaceuticals Inc.;80;20.0
AKTS;Akoustis Technologies, Inc.;190;21.0
EGRX;Eagle Pharmaceuticals, Inc.;190;21.0
UONE;Urban One, Inc. ;180;21.0
FATE;Fate Therapeutics, Inc.;150;21.0
HRTX;Heron Therapeutics, Inc.  ;140;21.0
SIEN;Sientra, Inc.;140;21.0
NVTR;Nuvectra Corporation;130;21.0
GTHX;G1 Therapeutics, Inc.;120;21.0
IOVA;Iovance Biotherapeutics, Inc.;120;21.0
EDIT;Editas Medicine, Inc.;100;21.0
IOTS;Adesto Technologies Corporation;100;21.0
SITO;SITO Mobile, Ltd.;100;21.0
AHPI;Allied Healthcare Products, Inc.;90;21.0
ALDX;Aldeyra Therapeutics, Inc.;90;21.0
IMGN;ImmunoGen, Inc.;90;21.0
ITCI;Intra-Cellular Therapies Inc.;80;21.0
CELH;Celsius Holdings, Inc.;270;22.0
CODA;Coda Octopus Group, Inc.;230;22.0
SAGE;Sage Therapeutics, Inc.;220;22.0
CASI;CASI Pharmaceuticals, Inc.;200;22.0
CRSP;CRISPR Therapeutics AG;200;22.0
MOMO;Momo Inc.;200;22.0
ARRY;Array BioPharma Inc.;170;22.0
GLMD;Galmed Pharmaceuticals Ltd.;160;22.0
LPTH;LightPath Technologies, Inc.;140;22.0
CRBP;Corbus Pharmaceuticals Holdings, Inc.;130;22.0
NTRA;Natera, Inc.;90;22.0
PIRS;Pieris Pharmaceuticals, Inc.;90;22.0
NYMX;Nymox Pharmaceutical Corporation;260;23.0
ANGI;ANGI Homeservices Inc.;190;23.0
EXAS;Exact Sciences Corporation;180;23.0
AERI;Aerie Pharmaceuticals, Inc.;160;23.0
MRUS;Merus N.V.;160;23.0
RGNX;REGENXBIO Inc.;150;23.0
CARA;Cara Therapeutics, Inc.;130;23.0
VRAY;ViewRay, Inc.;130;23.0
SRAX;Social Reality, Inc.;90;23.0
CPRX;Catalyst Pharmaceuticals, Inc.;80;23.0
MRAM;Everspin Technologies, Inc.;80;23.0
XNET;Xunlei Limited;80;23.0
AAOI;Applied Optoelectronics, Inc.;290;24.0
FMI;Foundation Medicine, Inc.;270;24.0
BZUN;Baozun Inc.;260;24.0
ARQL;ArQule, Inc.;250;24.0
CYRX;CryoPort, Inc.;220;24.0
GALT;Galectin Therapeutics Inc.;140;24.0
CBMG;Cellular Biomedicine Group, Inc.;100;24.0
MBIN;Merchants Bancorp;100;24.0
AUPH;Aurinia Pharmaceuticals Inc;90;24.0
SYNC;Synacor, Inc.;90;24.0
APLS;Apellis Pharmaceuticals, Inc.;80;24.0
ANAB;AnaptysBio, Inc.;190;25.0
AEHR;Aehr Test Systems;120;25.0
CLVS;Clovis Oncology, Inc.;110;25.0
INSG;Inseego Corp.;100;25.0
PYDS;Payment Data Systems, Inc.;90;25.0
ASMB;Assembly Biosciences, Inc.;260;26.0
ARWR;Arrowhead Pharmaceuticals, Inc.;230;26.0
CBAY;CymaBay Therapeutics Inc.;190;26.0
PLSE;Pulse Biosciences, Inc;190;26.0
CDNA;CareDx, Inc.;170;26.0
NFEC;NF Energy Saving Corporation;160;26.0
TYME;Tyme Technologies, Inc.;140;26.0
DRRX;DURECT Corporation;130;26.0
SORL;SORL Auto Parts, Inc.;130;26.0
FORD;Forward Industries, Inc.;120;26.0
VSTM;Verastem, Inc.;120;26.0
WKHS;Workhorse Group, Inc.;120;26.0
CARV;Carver Bancorp, Inc.;100;26.0
ACRX;AcelRx Pharmaceuticals, Inc.;80;26.0
IMMU;Immunomedics, Inc.;310;27.0
HIIQ;Health Insurance Innovations, Inc.;280;27.0
COOL;PolarityTE, Inc.;190;27.0
ZN;Zion Oil & Gas Inc;190;27.0
CCXI;ChemoCentryx, Inc.;170;27.0
WATT;Energous Corporation;140;27.0
INSM;Insmed, Inc.;120;27.0
MTBC;Medical Transcription Billing, Corp.;120;27.0
SRNE;Sorrento Therapeutics, Inc.;110;27.0
MARK;Remark Holdings, Inc.;80;27.0
NKTR;Nektar Therapeutics;210;28.0
CALI;China Auto Logistics Inc.;200;28.0
CONN;"Conn&#39;s, Inc.";190;28.0
CLUB;Town Sports International Holdings, Inc.;180;28.0
FSNN;Fusion Connect, Inc.;160;28.0
PTCT;PTC Therapeutics, Inc.;150;28.0
SPRT;support.com, Inc.;140;28.0
GRVY;GRAVITY Co., Ltd.;380;29.0
MRTX;Mirati Therapeutics, Inc.;260;29.0
ARGX;argenx SE;180;29.0
TCCO;Technical Communications Corporation;90;29.0
ATRA;Atara Biotherapeutics, Inc.;180;30.0
MRNS;Marinus Pharmaceuticals, Inc.;160;30.0
AMCA;iShares Russell 1000 Pure U.S. Revenue ETF;110;30.0
KURA;Kura Oncology, Inc.;110;30.0
GENE;Genetic Technologies Ltd;100;30.0
CERC;Cerecor Inc.;90;30.0
VKTX;Viking Therapeutics, Inc.;210;31.0
COLL;Collegium Pharmaceutical, Inc.;170;31.0
OMEX;Odyssey Marine Exploration, Inc.;120;31.0
ENPH;Enphase Energy, Inc.;80;31.0
EXPI;eXp World Holdings, Inc.;470;32.0
LNTH;Lantheus Holdings, Inc.;240;32.0
REPH;Recro Pharma, Inc.;220;32.0
NTRP;Neurotrope, Inc.;210;32.0
CLSD;Clearside Biomedical, Inc.;110;32.0
SRPT;Sarepta Therapeutics, Inc.;330;33.0
GLYC;GlycoMimetics, Inc.;210;33.0
RCKT;Rocket Pharmaceuticals, Inc.;300;34.0
ABEO;Abeona Therapeutics Inc.;280;34.0
ZGNX;Zogenix, Inc.;260;34.0
CASA;Casa Systems, Inc.;90;34.0
XBIO;Xenetic Biosciences, Inc.;90;34.0
MYOK;MyoKardia, Inc.;220;35.0
AVEO;AVEO Pharmaceuticals, Inc.;190;35.0
VBLT;Vascular Biogenics Ltd.;170;35.0
CNET;ChinaNet Online Holdings, Inc.;120;35.0
OKDCC;Eaton Vance NextShares Trust II;100;35.0
SIGA;SIGA Technologies Inc.;290;36.0
VCEL;Vericel Corporation;260;36.0
CSBR;Champions Oncology, Inc.;170;36.0
CADC;China Advanced Construction Materials Group, Inc.;130;36.0
CORV;Correvio Pharma Corp.;130;36.0
CNAT;Conatus Pharmaceuticals Inc.;120;36.0
ACGLO;Arch Capital Group Ltd.;110;36.0
NIHD;NII Holdings, Inc.;90;36.0
TRCH;Torchlight Energy Resources, Inc.;280;38.0
ZBIO;ProShares UltraPro Short NASDAQ Biotechnology;280;38.0
LGCYP;Legacy Reserves LP;250;38.0
ARDM;Aradigm Corporation;140;38.0
RIOT;Riot Blockchain, Inc;120;38.0
SIEB;Siebert Financial Corp.;350;39.0
LGCYO;Legacy Reserves LP;270;39.0
TPIV;TapImmune Inc.;270;39.0
AMEH;Apollo Medical Holdings, Inc.;240;39.0
CAPR;Capricor Therapeutics, Inc.;170;39.0
FCSC;Fibrocell Science Inc.;80;39.0
FFHL;Fuwei Films (Holdings) Co., Ltd.;290;40.0
ERII;Energy Recovery, Inc.;200;40.0
NEWA;Newater Technology, Inc.;100;40.0
AMTX;Aemetis, Inc;90;40.0
MDGL;Madrigal Pharmaceuticals, Inc.;340;41.0
NMRD;Nemaura Medical Inc.;130;41.0
ROKU;Roku, Inc.;130;41.0
HEAR;Turtle Beach Corporation;240;42.0
RBB;RBB Bancorp;180;43.0
MTSL;MER Telemanagement Solutions Ltd.;260;44.0
EVFM;Evofem Biosciences, Inc.;80;44.0
SPHS;Sophiris Bio, Inc.;460;46.0
SLNO;Soleno Therapeutics, Inc.;80;46.0
KZIA;Kazia Therapeutics Limited;290;47.0
LLEX;Lilis Energy, Inc.;290;47.0
EAST;Eastside Distilling, Inc.;240;47.0
LGCY;Legacy Reserves LP;230;47.0
NVFY;Nova Lifestyle, Inc;150;47.0
ITUS;ITUS Corporation;240;48.0
CIFS;China Internet Nationwide Financial Services Inc.;130;48.0
SINO;Sino-Global Shipping America, Ltd.;230;49.0
EYPT;EyePoint Pharmaceuticals, Inc.;90;49.0
NAKD;Naked Brand Group Limited;280;51.0
SEII;Sharing Economy International Inc.;190;51.0
NCNA;NuCana plc;90;51.0
IZEA;IZEA Inc.;80;51.0
IMMP;Immutep Limited;250;52.0
DFBG;Differential Brands Group Inc.;180;56.0
CCCR;China Commercial Credit, Inc.;280;57.0
VERI;Veritone, Inc.;150;57.0
RNEM;First Trust Emerging Markets Equity Select ETF;200;59.0
SLDB;Solid Biosciences Inc.;150;59.0
FTAG;First Trust Indxx Global Agriculture ETF;340;60.0
AGMH;AGM Group Holdings Inc.;200;61.0
SSKN;Strata Skin Sciences, Inc.;300;62.0
GDS;GDS Holdings Limited;450;63.0
KONE;Kingtone Wirelessinfo Solution Holding Ltd;410;63.0
NBEV;New Age Beverages Corporation;310;63.0
EYE;National Vision Holdings, Inc.;210;63.0
APEN;Apollo Endosurgery, Inc.;180;63.0
TELL;Tellurian Inc.;410;65.0
AKTX;Akari Therapeutics Plc;140;65.0
AGNCN;AGNC Investment Corp.;230;68.0
OSS;One Stop Systems, Inc.;460;69.0
BLNK;Blink Charging Co.;330;72.0
SESN;Sesen Bio, Inc.;160;72.0
DMPI;DelMar Pharmaceuticals, Inc.;350;74.0
OHGI;One Horizon Group, Inc.;310;77.0
INNT;Innovate Biopharmaceuticals, Inc.;180;77.0
APRI;Apricus Biosciences, Inc.;360;81.0
FTFT;Future FinTech Group Inc.;360;82.0
CEY;VictoryShares Emerging Market High Div Volatility Wtd ETF;240;82.0
EARS;Auris Medical Holding AG;270;87.0
NURO;NeuroMetrix, Inc.;240;89.0
YTEN;Yield10 Bioscience, Inc.;430;96.0
CLPS;CLPS Incorporation;140;108.0
EOLS;Evolus, Inc.;210;117.0
DFFN;Diffusion Pharmaceuticals Inc.;400;124.0
GNPX;Genprex, Inc.;190;131.0
BHF;Brighthouse Financial, Inc.;460;140.0
SPI;SPI Energy Co., Ltd.;380;146.0
IMTE;Integrated Media Technology Limited;470;210.0
